"ibgeCode","name","uf","region","rank","population2022","registeredHomicides","hiddenHomicides","estimatedHomicides","homicideRate","year"
"2928703","Santo Antônio de Jesus","BA","NE","1","103055","96","1","97","94,1","2022"
"2918001","Jequié","BA","NE","2","158813","133","13","146","91,9","2022"
"2930709","Simões Filho","BA","NE","3","114559","88","5","93","81,2","2022"
"2905701","Camaçari","BA","NE","4","300372","224","6","230","76,6","2022"
"2918407","Juazeiro","BA","NE","5","237821","167","5","172","72,3","2022"
"1500602","Altamira","PA","N","6","126279","88","2","90","71,3","2022"
"5107925","Sorriso","MT","CO","7","110635","77","1","78","70,5","2022"
"2602902","Cabo de Santo Agostinho","PE","NE","8","203440","135","1","136","66,9","2022"
"2927408","Salvador","BA","NE","9","2417678","1568","37","1605","66,4","2022"
"2910800","Feira de Santana","BA","NE","10","616272","403","4","407","66","2022"
"2408003","Mossoró","RN","NE","11","264577","170","0","170","64,3","2022"
"2802908","Itabaiana","SE","NE","12","103440","59","4","63","60,9","2022"
"3302007","Itaguaí","RJ","SE","13","116841","42","28","70","59,9","2022"
"2910727","Eunápolis","BA","NE","14","113710","65","3","68","59,8","2022"
"2913606","Ilhéus","BA","NE","15","178649","104","2","106","59,3","2022"
"2919553","Luís Eduardo Magalhães","BA","NE","16","107909","62","1","63","58,4","2022"
"3304144","Queimados","RJ","SE","17","140523","52","30","82","58,4","2022"
"2307650","Maracanaú","CE","NE","18","234509","81","55","136","58","2022"
"2931350","Teixeira de Freitas","BA","NE","19","145216","82","2","84","57,8","2022"
"2616407","Vitória de Santo Antão","PE","NE","20","134084","74","3","77","57,4","2022"
"2303709","Caucaia","CE","NE","21","355679","116","84","200","56,2","2022"
"1600303","Macapá","AP","N","22","442933","241","6","247","55,8","2022"
"1302603","Manaus","AM","N","23","2063689","1130","19","1149","55,7","2022"
"2412005","São Gonçalo do Amarante","RN","NE","24","115838","58","5","63","54,4","2022"
"1504422","Marituba","PA","N","25","111785","57","3","60","53,7","2022"
"1504208","Marabá","PA","N","26","266533","140","2","142","53,3","2022"
"1600600","Santana","AP","N","27","107618","56","1","57","53","2022"
"4118204","Paranaguá","PR","S","28","145829","77","0","77","52,8","2022"
"1503606","Itaituba","PA","N","29","123314","64","0","64","51,9","2022"
"2919207","Lauro de Freitas","BA","NE","30","203331","98","6","104","51,1","2022"
"2900702","Alagoinhas","BA","NE","31","151055","75","2","77","51","2022"
"2925303","Porto Seguro","BA","NE","32","168326","79","5","84","49,9","2022"
"1505502","Paragominas","PA","N","33","105550","52","0","52","49,3","2022"
"2804805","Nossa Senhora do Socorro","SE","NE","34","192330","90","4","94","48,9","2022"
"2603454","Camaragibe","PE","NE","35","147771","65","7","72","48,7","2022"
"1505536","Parauapebas","PA","N","36","267836","129","1","130","48,5","2022"
"2606002","Garanhuns","PE","NE","37","142506","67","2","69","48,4","2022"
"2312908","Sobral","CE","NE","38","203023","95","3","98","48,3","2022"
"4315602","Rio Grande","RS","S","39","191900","92","0","92","47,9","2022"
"2914802","Itabuna","BA","NE","40","186708","86","3","89","47,7","2022"
"1100205","Porto Velho","RO","N","41","460434","211","8","219","47,6","2022"
"2207702","Parnaíba","PI","NE","42","162159","72","5","77","47,5","2022"
"1100122","Ji-Paraná","RO","N","43","124333","58","1","59","47,5","2022"
"1502400","Castanhal","PA","N","44","192256","88","0","88","45,8","2022"
"2510808","Patos","PB","NE","45","103165","47","0","47","45,6","2022"
"2513703","Santa Rita","PB","NE","46","149910","67","1","68","45,4","2022"
"2304400","Fortaleza","CE","NE","47","2428708","918","183","1101","45,3","2022"
"3201308","Cariacica","ES","SE","48","353491","136","23","159","45","2022"
"3205002","Serra","ES","SE","49","520653","193","41","234","44,9","2022"
"2611606","Recife","PE","NE","50","1488920","635","31","666","44,7","2022"
"2103000","Caxias","MA","NE","51","156973","70","0","70","44,6","2022"
"2924009","Paulo Afonso","BA","NE","52","112870","49","1","50","44,3","2022"
"4100400","Almirante Tamandaré","PR","S","53","119825","46","7","53","44,2","2022"
"2613701","São Lourenço da Mata","PE","NE","54","111249","47","2","49","44","2022"
"2307700","Maranguape","CE","NE","55","105093","26","20","46","43,8","2022"
"2100055","Açailândia","MA","NE","56","106550","45","0","45","42,2","2022"
"4119509","Piraquara","PR","S","57","118730","46","4","50","42,1","2022"
"3203205","Linhares","ES","SE","58","166786","61","9","70","42","2022"
"2800308","Aracaju","SE","NE","59","602757","240","12","252","41,8","2022"
"2704302","Maceió","AL","NE","60","957916","379","19","398","41,5","2022"
"1702109","Araguaína","TO","N","61","171301","66","5","71","41,4","2022"
"3302403","Macaé","RJ","SE","62","246391","97","3","100","40,6","2022"
"3301900","Itaboraí","RJ","SE","63","224267","88","3","91","40,6","2022"
"2211001","Teresina","PI","NE","64","866300","343","7","350","40,4","2022"
"1500107","Abaetetuba","PA","N","65","158188","63","0","63","39,8","2022"
"3301702","Duque de Caxias","RJ","SE","66","808161","303","18","321","39,7","2022"
"3302502","Magé","RJ","SE","67","228127","88","2","90","39,5","2022"
"3300100","Angra dos Reis","RJ","SE","68","167434","66","0","66","39,4","2022"
"5212501","Luziânia","GO","CO","69","209129","79","3","82","39,2","2022"
"1400100","Boa Vista","RR","N","70","413486","148","14","162","39,2","2022"
"4108304","Foz do Iguaçu","PR","S","71","285415","109","2","111","38,9","2022"
"4104204","Campo Largo","PR","S","72","136327","46","7","53","38,9","2022"
"2611101","Petrolina","PE","NE","73","386791","130","19","149","38,5","2022"
"3204906","São Mateus","ES","SE","74","123752","44","3","47","38","2022"
"4300604","Alvorada","RS","S","75","187315","69","2","71","37,9","2022"
"2101400","Balsas","MA","NE","76","101767","38","0","38","37,3","2022"
"2903201","Barreiras","BA","NE","77","159734","59","0","59","36,9","2022"
"2408102","Natal","RN","NE","78","751300","241","36","277","36,9","2022"
"3205200","Vila Velha","ES","SE","79","467722","161","11","172","36,8","2022"
"2112209","Timon","MA","NE","80","174465","61","3","64","36,7","2022"
"2105302","Imperatriz","MA","NE","81","273110","100","0","100","36,6","2022"
"3300704","Cabo Frio","RJ","SE","82","222161","71","10","81","36,5","2022"
"2607901","Jaboatão dos Guararapes","PE","NE","83","644037","221","11","232","36","2022"
"3302858","Mesquita","RJ","SE","84","167127","34","26","60","35,9","2022"
"3303500","Nova Iguaçu","RJ","SE","85","785867","198","83","281","35,8","2022"
"3300456","Belford Roxo","RJ","SE","86","483087","119","54","173","35,8","2022"
"3302205","Itaperuna","RJ","SE","87","101041","36","0","36","35,6","2022"
"3305109","São João de Meriti","RJ","SE","88","440962","139","16","155","35,2","2022"
"5107958","Tangará da Serra","MT","CO","89","106434","35","2","37","34,8","2022"
"1301902","Itacoatiara","AM","N","90","103598","35","1","36","34,7","2022"
"5220454","Senador Canedo","GO","CO","91","155635","52","2","54","34,7","2022"
"3303203","Nilópolis","RJ","SE","92","146774","36","15","51","34,7","2022"
"3300209","Araruama","RJ","SE","93","129671","39","6","45","34,7","2022"
"3127701","Governador Valadares","MG","SE","94","257171","89","0","89","34,6","2022"
"5221403","Trindade","GO","CO","95","142431","49","0","49","34,4","2022"
"2304202","Crato","CE","NE","96","131050","45","0","45","34,3","2022"
"4107652","Fazenda Rio Grande","PR","S","97","148873","50","1","51","34,3","2022"
"5205109","Catalão","GO","CO","98","114427","39","0","39","34,1","2022"
"2609600","Olinda","PE","NE","99","349976","113","6","119","34","2022"
"2700300","Arapiraca","AL","NE","100","234696","78","1","79","33,7","2022"
"3304904","São Gonçalo","RJ","SE","101","896744","251","41","292","32,6","2022"
"5201405","Aparecida de Goiânia","GO","CO","102","527796","162","9","171","32,4","2022"
"1500800","Ananindeua","PA","N","103","478778","153","1","154","32,2","2022"
"1721000","Palmas","TO","N","104","302692","94","3","97","32","2022"
"5208004","Formosa","GO","CO","105","115901","35","2","37","31,9","2022"
"3300407","Barra Mansa","RJ","SE","106","169894","52","1","53","31,2","2022"
"5107602","Rondonópolis","MT","CO","107","244911","73","3","76","31","2022"
"5215231","Novo Gama","GO","CO","108","103804","31","1","32","30,8","2022"
"3304524","Rio das Ostras","RJ","SE","109","156491","46","2","48","30,7","2022"
"2606804","Igarassu","PE","NE","110","115196","31","4","35","30,4","2022"
"3304201","Resende","RJ","SE","111","129612","38","1","39","30,1","2022"
"2101202","Bacabal","MA","NE","112","103711","30","1","31","29,9","2022"
"2604106","Caruaru","PE","NE","113","378048","112","1","113","29,9","2022"
"2307304","Juazeiro do Norte","CE","NE","114","286120","77","8","85","29,7","2022"
"3145208","Nova Serrana","MG","SE","115","105552","31","0","31","29,4","2022"
"4314902","Porto Alegre","RS","S","116","1332845","376","10","386","29","2022"
"3306305","Volta Redonda","RJ","SE","117","261563","73","2","75","28,7","2022"
"3205309","Vitória","ES","SE","118","322869","90","2","92","28,5","2022"
"5003702","Dourados","MS","CO","119","243367","46","23","69","28,4","2022"
"4119152","Pinhais","PR","S","120","127019","30","6","36","28,3","2022"
"3202405","Guarapari","ES","SE","121","124656","26","9","35","28,1","2022"
"3201209","Cachoeiro de Itapemirim","ES","SE","122","185786","42","10","52","28","2022"
"2111201","São José de Ribamar","MA","NE","123","244579","66","2","68","27,8","2022"
"2403251","Parnamirim","RN","NE","124","252716","60","10","70","27,7","2022"
"1501709","Bragança","PA","N","125","123082","34","0","34","27,6","2022"
"1302504","Manacapuru","AM","N","126","101883","27","1","28","27,5","2022"
"3201506","Colatina","ES","SE","127","120033","26","7","33","27,5","2022"
"3131703","Itabira","MG","SE","128","113343","29","2","31","27,4","2022"
"4125506","São José dos Pinhais","PR","S","129","329628","79","11","90","27,3","2022"
"5221858","Valparaíso de Goiás","GO","CO","130","198861","51","3","54","27,2","2022"
"2111300","São Luís","MA","NE","131","1037775","280","2","282","27,2","2022"
"5200258","Águas Lindas de Goiás","GO","CO","132","225693","57","4","61","27","2022"
"4119905","Ponta Grossa","PR","S","133","358371","94","2","96","26,8","2022"
"3301009","Campos dos Goytacazes","RJ","SE","134","483540","126","3","129","26,7","2022"
"1501402","Belém","PA","N","135","1303403","339","7","346","26,5","2022"
"4304606","Canoas","RS","S","136","347657","92","0","92","26,5","2022"
"3522208","Itapecerica da Serra","SP","SE","137","158522","6","36","42","26,5","2022"
"1200401","Rio Branco","AC","N","138","364756","93","1","94","25,8","2022"
"4105805","Colombo","PR","S","139","232212","54","6","60","25,8","2022"
"5211909","Jataí","GO","CO","140","105729","27","0","27","25,5","2022"
"4316907","Santa Maria","RS","S","141","271735","68","1","69","25,4","2022"
"4101804","Araucária","PR","S","142","151666","34","4","38","25,1","2022"
"5217609","Planaltina","GO","CO","143","105031","25","1","26","24,8","2022"
"3106705","Betim","MG","SE","144","411846","90","12","102","24,8","2022"
"3156700","Sabará","MG","SE","145","129380","11","21","32","24,7","2022"
"2803500","Lagarto","SE","NE","146","101579","24","1","25","24,6","2022"
"3510500","Caraguatatuba","SP","SE","147","134873","33","0","33","24,5","2022"
"3154606","Ribeirão das Neves","MG","SE","148","329794","30","49","79","24","2022"
"4101408","Apucarana","PR","S","149","130134","31","0","31","23,8","2022"
"1501303","Barcarena","PA","N","150","126650","30","0","30","23,7","2022"
"4104808","Cascavel","PR","S","151","348051","79","3","82","23,6","2022"
"2507507","João Pessoa","PB","NE","152","833932","196","0","196","23,5","2022"
"4127700","Toledo","PR","S","153","150470","34","1","35","23,3","2022"
"3543907","Rio Claro","SP","SE","154","201418","44","3","47","23,3","2022"
"3305208","São Pedro da Aldeia","RJ","SE","155","104029","22","2","24","23,1","2022"
"4126256","Sarandi","PR","S","156","118455","27","0","27","22,8","2022"
"4323002","Viamão","RS","S","157","224112","44","7","51","22,8","2022"
"3171204","Vespasiano","MG","SE","158","129246","28","1","29","22,4","2022"
"1502103","Cametá","PA","N","159","134184","30","0","30","22,4","2022"
"3129806","Ibirité","MG","SE","160","170537","29","9","38","22,3","2022"
"3515004","Embu das Artes","SP","SE","161","250691","23","33","56","22,3","2022"
"5218805","Rio Verde","GO","CO","162","225696","44","6","50","22,2","2022"
"2933307","Vitória da Conquista","BA","NE","163","370879","81","1","82","22,1","2022"
"4320008","Sapucaia do Sul","RS","S","164","132107","29","0","29","22","2022"
"3552809","Taboão da Serra","SP","SE","165","273542","21","39","60","21,9","2022"
"4113700","Londrina","PR","S","166","555965","115","5","120","21,6","2022"
"3169901","Ubá","MG","SE","167","103365","20","2","22","21,3","2022"
"3304557","Rio de Janeiro","RJ","SE","168","6211223","1042","283","1325","21,3","2022"
"2103307","Codó","MA","NE","169","114275","24","0","24","21","2022"
"4106902","Curitiba","PR","S","170","1773718","361","12","373","21","2022"
"3303302","Niterói","RJ","SE","171","481749","88","13","101","21","2022"
"5107909","Sinop","MT","CO","172","196312","40","1","41","20,9","2022"
"4109401","Guarapuava","PR","S","173","182093","37","1","38","20,9","2022"
"4313409","Novo Hamburgo","RS","S","174","227646","46","0","46","20,2","2022"
"3529401","Mauá","SP","SE","175","418261","25","59","84","20,1","2022"
"3305802","Teresópolis","RJ","SE","176","165123","32","1","33","20","2022"
"3548906","São Carlos","SP","SE","177","254857","49","2","51","20","2022"
"5002704","Campo Grande","MS","CO","178","898100","170","8","178","19,8","2022"
"2610707","Paulista","PE","NE","179","342167","62","5","67","19,6","2022"
"3547809","Santo André","SP","SE","180","748919","35","109","144","19,2","2022"
"5201108","Anápolis","GO","CO","181","398869","75","1","76","19,1","2022"
"3119401","Coronel Fabriciano","MG","SE","182","104736","20","0","20","19,1","2022"
"3302700","Maricá","RJ","SE","183","197277","31","6","37","18,8","2022"
"3103504","Araguari","MG","SE","184","117808","22","0","22","18,7","2022"
"1501808","Breves","PA","N","185","106968","19","1","20","18,7","2022"
"4302105","Bento Gonçalves","RS","S","186","123151","23","0","23","18,7","2022"
"3538006","Pindamonhangaba","SP","SE","187","165428","12","19","31","18,7","2022"
"3167202","Sete Lagoas","MG","SE","188","227397","40","2","42","18,5","2022"
"5108402","Várzea Grande","MT","CO","189","300078","53","2","55","18,3","2022"
"3118601","Contagem","MG","SE","190","621863","72","42","114","18,3","2022"
"3516309","Francisco Morato","SP","SE","191","165139","21","9","30","18,2","2022"
"3502804","Araçatuba","SP","SE","192","200124","36","0","36","18","2022"
"4314100","Passo Fundo","RS","S","193","206215","36","1","37","17,9","2022"
"4103701","Cambé","PR","S","194","107208","18","1","19","17,7","2022"
"3106200","Belo Horizonte","MG","SE","195","2315560","312","96","408","17,6","2022"
"4305108","Caxias do Sul","RS","S","196","463501","80","1","81","17,5","2022"
"5008305","Três Lagoas","MS","CO","197","132152","23","0","23","17,4","2022"
"3136702","Juiz de Fora","MG","SE","198","540756","88","6","94","17,4","2022"
"4322400","Uruguaiana","RS","S","199","117210","20","0","20","17,1","2022"
"3554102","Taubaté","SP","SE","200","310739","32","21","53","17,1","2022"
"4318705","São Leopoldo","RS","S","201","217409","31","6","37","17","2022"
"3518404","Guaratinguetá","SP","SE","202","118044","19","1","20","16,9","2022"
"5211503","Itumbiara","GO","CO","203","107970","17","1","18","16,7","2022"
"3518701","Guarujá","SP","SE","204","287634","47","1","48","16,7","2022"
"1506807","Santarém","PA","N","205","331942","55","0","55","16,6","2022"
"4309209","Gravataí","RS","S","206","265074","41","3","44","16,6","2022"
"5208707","Goiânia","GO","CO","207","1437366","214","18","232","16,1","2022"
"4128104","Umuarama","PR","S","208","117095","17","1","18","15,4","2022"
"3550308","São Paulo","SP","SE","209","11451999","344","1418","1762","15,4","2022"
"2306405","Itapipoca","CE","NE","210","131123","16","4","20","15,3","2022"
"5103403","Cuiabá","MT","CO","211","650877","90","9","99","15,2","2022"
"4101507","Arapongas","PR","S","212","119138","18","0","18","15,1","2022"
"3522109","Itanhaém","SP","SE","213","112476","17","0","17","15,1","2022"
"3549805","São José do Rio Preto","SP","SE","214","480393","61","10","71","14,8","2022"
"3168606","Teófilo Otoni","MG","SE","215","137418","20","0","20","14,6","2022"
"2107506","Paço do Lumiar","MA","NE","216","145643","21","0","21","14,4","2022"
"3122306","Divinópolis","MG","SE","217","231091","31","2","33","14,3","2022"
"4307005","Erechim","RS","S","218","105705","14","1","15","14,2","2022"
"3509502","Campinas","SP","SE","219","1139047","134","28","162","14,2","2022"
"3513801","Diadema","SP","SE","220","393237","31","25","56","14,2","2022"
"3157807","Santa Luzia","MG","SE","221","219132","25","6","31","14,1","2022"
"3148004","Patos de Minas","MG","SE","222","159235","22","0","22","13,8","2022"
"3134202","Ituiutaba","MG","SE","223","102217","13","1","14","13,7","2022"
"2504009","Campina Grande","PB","NE","224","419379","56","1","57","13,6","2022"
"3144805","Nova Lima","MG","SE","225","111697","3","12","15","13,4","2022"
"3506508","Birigui","SP","SE","226","118979","16","0","16","13,4","2022"
"3522505","Itapevi","SP","SE","227","232297","27","4","31","13,3","2022"
"3548807","São Caetano do Sul","SP","SE","228","165655","2","20","22","13,3","2022"
"3505500","Barretos","SP","SE","229","122485","16","0","16","13,1","2022"
"5300108","Brasília","DF","CO","230","2817381","357","8","365","13","2022"
"4202008","Balneário Camboriú","SC","S","231","139155","15","3","18","12,9","2022"
"3131307","Ipatinga","MG","SE","232","227731","29","0","29","12,7","2022"
"4115200","Maringá","PR","S","233","409657","51","1","52","12,7","2022"
"3548708","São Bernardo do Campo","SP","SE","234","810729","57","46","103","12,7","2022"
"4204202","Chapecó","SC","S","235","254785","31","1","32","12,6","2022"
"3552403","Sumaré","SP","SE","236","279545","34","1","35","12,5","2022"
"3547304","Santana de Parnaíba","SP","SE","237","154105","14","5","19","12,3","2022"
"3523107","Itaquaquecetuba","SP","SE","238","369275","28","17","45","12,2","2022"
"3541000","Praia Grande","SP","SE","239","349935","38","3","41","11,7","2022"
"3513009","Cotia","SP","SE","240","274413","27","5","32","11,7","2022"
"3104007","Araxá","MG","SE","241","111691","13","0","13","11,6","2022"
"3510609","Carapicuíba","SP","SE","242","386984","33","12","45","11,6","2022"
"3503307","Araras","SP","SE","243","130866","14","1","15","11,5","2022"
"3534401","Osasco","SP","SE","244","728615","61","22","83","11,4","2022"
"3518800","Guarulhos","SP","SE","245","1291771","82","64","146","11,3","2022"
"3543303","Ribeirão Pires","SP","SE","246","115559","6","7","13","11,2","2022"
"3541406","Presidente Prudente","SP","SE","247","225668","25","0","25","11,1","2022"
"4303103","Cachoeirinha","RS","S","248","136258","14","1","15","11","2022"
"3543402","Ribeirão Preto","SP","SE","249","698642","70","6","76","10,9","2022"
"3551009","São Vicente","SP","SE","250","329911","35","1","36","10,9","2022"
"4211900","Palhoça","SC","S","251","222598","23","1","24","10,8","2022"
"3504008","Assis","SP","SE","252","101409","11","0","11","10,8","2022"
"3513504","Cubatão","SP","SE","253","112476","12","0","12","10,7","2022"
"3515707","Ferraz de Vasconcelos","SP","SE","254","179198","10","9","19","10,6","2022"
"4316808","Santa Cruz do Sul","RS","S","255","133230","13","1","14","10,5","2022"
"3538709","Piracicaba","SP","SE","256","423323","39","5","44","10,4","2022"
"3552502","Suzano","SP","SE","257","307429","25","7","32","10,4","2022"
"3530706","Mogi Guaçu","SP","SE","258","153658","15","1","16","10,4","2022"
"3516408","Franco da Rocha","SP","SE","259","144849","11","4","15","10,4","2022"
"3556503","Várzea Paulista","SP","SE","260","115771","11","1","12","10,4","2022"
"3551702","Sertãozinho","SP","SE","261","126887","12","1","13","10,2","2022"
"3303906","Petrópolis","RJ","SE","262","278881","27","1","28","10","2022"
"3118304","Conselheiro Lafaiete","MG","SE","263","131621","10","3","13","9,9","2022"
"4209102","Joinville","SC","S","264","616317","59","1","60","9,7","2022"
"4203204","Camboriú","SC","S","265","103074","8","2","10","9,7","2022"
"3519071","Hortolândia","SP","SE","266","236641","21","2","23","9,7","2022"
"3554003","Tatuí","SP","SE","267","123942","12","0","12","9,7","2022"
"3143906","Muriaé","MG","SE","268","104108","9","1","10","9,6","2022"
"4216602","São José","SC","S","269","270299","26","0","26","9,6","2022"
"3524402","Jacareí","SP","SE","270","240275","22","1","23","9,6","2022"
"3506003","Bauru","SP","SE","271","379146","29","7","36","9,5","2022"
"3511102","Catanduva","SP","SE","272","115791","7","4","11","9,5","2022"
"3549904","São José dos Campos","SP","SE","273","697054","54","10","64","9,2","2022"
"4208203","Itajaí","SC","S","274","264054","21","3","24","9,1","2022"
"3516200","Franca","SP","SE","275","352536","23","9","32","9,1","2022"
"3303401","Nova Friburgo","RJ","SE","276","189939","16","1","17","9","2022"
"3536505","Paulínia","SP","SE","277","110537","8","2","10","9","2022"
"4205407","Florianópolis","SC","S","278","537211","48","0","48","8,9","2022"
"3525003","Jandira","SP","SE","279","118045","8","2","10","8,5","2022"
"3552205","Sorocaba","SP","SE","280","723682","49","10","59","8,2","2022"
"3105608","Barbacena","MG","SE","281","125317","9","1","10","8","2022"
"3151800","Poços de Caldas","MG","SE","282","163742","10","3","13","7,9","2022"
"3505708","Barueri","SP","SE","283","316473","20","5","25","7,9","2022"
"3534708","Ourinhos","SP","SE","284","103970","7","1","8","7,7","2022"
"3545803","Santa Bárbara d'Oeste","SP","SE","285","183347","13","1","14","7,6","2022"
"3520509","Indaiatuba","SP","SE","286","255748","14","5","19","7,4","2022"
"3523404","Itatiba","SP","SE","287","121590","8","1","9","7,4","2022"
"3143302","Montes Claros","MG","SE","288","414240","29","1","30","7,2","2022"
"3548500","Santos","SP","SE","289","418608","28","2","30","7,2","2022"
"3501608","Americana","SP","SE","290","237240","14","3","17","7,2","2022"
"3147907","Passos","MG","SE","291","111939","8","0","8","7,1","2022"
"4314407","Pelotas","RS","S","292","325685","22","1","23","7,1","2022"
"3525904","Jundiaí","SP","SE","293","443221","27","4","31","7","2022"
"3522307","Itapetininga","SP","SE","294","157790","8","3","11","7","2022"
"4202404","Blumenau","SC","S","295","361261","25","0","25","6,9","2022"
"3526902","Limeira","SP","SE","296","291869","19","1","20","6,9","2022"
"3170107","Uberaba","MG","SE","297","337836","22","1","23","6,8","2022"
"4301602","Bagé","RS","S","298","117938","8","0","8","6,8","2022"
"4209300","Lages","SC","S","299","164981","10","1","11","6,7","2022"
"3523909","Itu","SP","SE","300","168240","9","2","11","6,5","2022"
"3529005","Marília","SP","SE","301","237627","14","1","15","6,3","2022"
"3557006","Votorantim","SP","SE","302","127923","7","1","8","6,3","2022"
"3556206","Valinhos","SP","SE","303","126373","3","5","8","6,3","2022"
"4204608","Criciúma","SC","S","304","214493","13","0","13","6,1","2022"
"3530607","Mogi das Cruzes","SP","SE","305","451505","22","5","27","6","2022"
"3152501","Pouso Alegre","MG","SE","306","152217","9","0","9","5,9","2022"
"3170701","Varginha","MG","SE","307","136467","8","0","8","5,9","2022"
"3539806","Poá","SP","SE","308","103765","1","5","6","5,8","2022"
"3138203","Lavras","MG","SE","309","104761","6","0","6","5,7","2022"
"3525300","Jaú","SP","SE","310","133497","6","1","7","5,2","2022"
"3170206","Uberlândia","MG","SE","311","713224","33","2","35","4,9","2022"
"3503208","Araraquara","SP","SE","312","242228","9","2","11","4,5","2022"
"3507605","Bragança Paulista","SP","SE","313","176811","8","0","8","4,5","2022"
"3545209","Salto","SP","SE","314","134319","4","2","6","4,5","2022"
"4202909","Brusque","SC","S","315","141385","6","0","6","4,2","2022"
"4218707","Tubarão","SC","S","316","110088","4","0","4","3,6","2022"
"3507506","Botucatu","SP","SE","317","145155","4","1","5","3,4","2022"
"3504107","Atibaia","SP","SE","318","158647","5","0","5","3,2","2022"
"4208906","Jaraguá do Sul","SC","S","319","182660","3","1","4","2,2","2022"
